Honda VT 750 ,"745 см3 (45 л.с.), v-образное, 4 такта, 4 передачи, кардан, синий",330 000 ₽,2009,3 053 км
BMW S 1000 RR ,"999 см3 (200 л.с.), рядное, 4 цилиндра, 4 такта, 6 передач, цепь, белый",450 000 ₽,2013,13 000 км
Harley-Davidson V-Rod ,"1 250 см3 (125 л.с.), v-образное, 2 цилиндра, 4 такта, 5 передач, ремень, черный",529 000 ₽,2007,20 320 км
BMW R 1200 RT ,"1 200 см3 (110 л.с.), оппозитное, 2 цилиндра, 4 такта, 6 передач, кардан, серый",399 999 ₽,2005,43 200 км
Honda CB 750 ,"750 см3 (77 л.с.), рядное, 4 цилиндра, 4 такта, 5 передач, цепь, красный",160 000 ₽,1995,67 000 км
Kawasaki KLX 125 ,"125 см3 (10 л.с.), 1 цилиндр, 4 такта, 5 передач, цепь, зеленый",168 000 ₽,2012,2 800 км
Kawasaki Versys 650 ,"650 см3 (64 л.с.), 2 цилиндра, 4 такта, 6 передач, цепь, черный",390 000 ₽,2015,12 000 км
Kawasaki ZZR 400 ,"400 см3 (54 л.с.), рядное, 4 цилиндра, 5 передач, цепь, пурпурный",110 000 ₽,1996,23 000 км
Honda CBR 900RR Fireblade ,"1 000 см3 (128 л.с.), 4 цилиндра, 4 такта, 5 передач, цепь, оранжевый",150 000 ₽,1998,40 000 км
Harley-Davidson CVO ,"1 250 см3 (135 л.с.), v-образное, 2 цилиндра, 4 такта, 5 передач, ремень, оранжевый",650 000 ₽,2007,17 000 км
Honda CBR 600F ,"600 см3 (100 л.с.), рядное, 4 цилиндра, 4 такта, 6 передач, цепь, черный",120 000 ₽,1994,30 000 км
Kawasaki VN1600 Vulcan ,"1 600 см3 (72 л.с.), v-образное, 2 цилиндра, 4 такта, 5 передач, кардан, красный",300 000 ₽,2005,32 000 км
KAYO Basic ,"125 см3, 1 цилиндр, 4 такта, 4 передачи, цепь, белый",38 000 ₽,2015,1 000 км
Racer Nitro ,"250 см3 (18 л.с.), 1 цилиндр, 4 такта, 5 передач, цепь, черный",35 000 ₽,2014,13 000 км
Honda CB 1000 ,"1 000 см3 (93 л.с.), 4 цилиндра, 4 такта, 5 передач, цепь, черный",165 000 ₽,1992,24 000 км
Orion 125 ,"125 см3 (7 л.с.), рядное, 1 цилиндр, 4 такта, 4 передачи, цепь, желтый",28 000 ₽,2015,2 485 км
Kawasaki VN1700 Vulcan ,"10 000 см3 (83 л.с.), v-образное, 2 цилиндра, 4 такта, 6 передач, ремень, серый",680 000 ₽,2012,28 000 км
Урал ИМЗ-8.103 ,"650 см3 (38 л.с.), оппозитное, 2 цилиндра, 4 такта, 4 передачи, кардан, cеребристый",80 000 ₽,1989,585 км
Honda GL 1800 ,"1 800 см3 (118 л.с.), оппозитное, 6 цилиндров, 4 такта, 5 прямых и задняя, кардан, белый",1 300 000 ₽,2012,67 000 км
Yamaha XJR 1300 ,"1 300 см3 (145 л.с.), рядное, 4 цилиндра, 4 такта, 6 передач, кардан, пурпурный",855 000 ₽,2014,3 200 км
Yamaha YZF-R6 ,"600 см3, цепь, красный",290 000 ₽,2007,49 000 км
Honda CB 600F (Hornet) ,"599 см3 (97 л.с.), рядное, 4 цилиндра, 6 передач, цепь, оранжевый",234 900 ₽,2005,50 500 км
Triumph Thunderbird Storm ,"1 700 см3 (98 л.с.), рядное, 2 цилиндра, 4 такта, 6 передач, ремень, черный",620 000 ₽,2011,14 000 км
Suzuki GSX-R 600 ,"600 см3 (125 л.с.), рядное, 4 цилиндра, 4 такта, 6 передач, цепь, черный",270 000 ₽,2006,51 600 км
Motoland Bandit 250 ,"250 см3, 1 цилиндр, 5 передач, цепь, черный",90 000 ₽,2019,155 км
Honda VTX 1300 ,"1 300 см3 (75 л.с.), 4 цилиндра, 4 такта, 5 передач, черный",350 000 ₽,2006,51 000 км
Honda CBF 600 ,"599 см3 (77 л.с.), рядное, 4 цилиндра, 4 такта, 6 передач, цепь, белый",395 000 ₽,2010,13 557 км
Honda CRF 1000L Africa Twin ,"998 см3 (95 л.с.), рядное, 2 цилиндра, 4 такта, 6 передач, цепь, красный",740 000 ₽,2016,47 044 км
Honda GL 1800 ,"1 832 см3 (118 л.с.), оппозитное, 6 цилиндров, 4 такта, 5 передач, кардан, пурпурный",1 000 000 ₽,2009,20 594 км
KTM 1290 Super Adventure S ,"1 290 см3 (160 л.с.), v-образное, 2 цилиндра, 4 такта, 6 передач, цепь, черный",1 250 000 ₽,2017,25 000 км
KTM 390 Duke ,"390 см3 (44 л.с.), 1 цилиндр, белый",370 000 ₽,2018,9 500 км
Harley-Davidson Freewheeler ,"1 801 см3 (97 л.с.), оранжевый",1 350 000 ₽,2012,18 000 км
Kawasaki ER-6f (Ninja 650R) ,"650 см3 (72 л.с.), рядное, 2 цилиндра, 4 такта, 6 передач, цепь, зеленый",339 000 ₽,2014,10 300 км
Suzuki V-Strom DL 650 ,"650 см3, серый",450 000 ₽,2014,14 100 км
Suzuki SV 650 ,"650 см3, v-образное, 2 цилиндра, 6 передач, черный",205 000 ₽,2005,43 000 км
BMW R 1150 RT ,"1 150 см3, cеребристый",288 000 ₽,2002,26 500 км
BMW R 1150 GS ,"1 150 см3, желтый",333 000 ₽,2002,28 800 км
Ducati ST ,"916 см3, красный",198 000 ₽,2002,25 900 км
BMW R 1200 GS ,"1 200 см3 (125 л.с.), оппозитное, 2 цилиндра, 4 такта, 6 передач, кардан, синий",1 190 000 ₽,2016,10 000 км
Yamaha YZF-R6 ,"600 см3, оранжевый",250 000 ₽,2000,12 000 км
Kawasaki ZZR 1100 ,"1 100 см3 (110 л.с.), рядное, 4 цилиндра, 4 такта, 6 передач, цепь, черный",121 000 ₽,1996,37 000 км
Honda CBR 1000 RR/RA Fireblade ,"1 000 см3 (178 л.с.), рядное, 4 цилиндра, 4 такта, 6 передач, цепь, белый",500 000 ₽,2012,24 000 км
BMW R 1250 R ,"1 250 см3 (135 л.с.), оппозитное, 2 цилиндра, 4 такта, 6 передач, кардан, черный",1 387 100 ₽,2019,Новый
Suzuki GSX-R 750 ,"750 см3 (140 л.с.), рядное, 4 цилиндра, 4 такта, 6 передач, цепь, желтый",240 000 ₽,2002,43 000 км
Kawasaki ER-4n ,"400 см3 (45 л.с.), рядное, 2 цилиндра, 4 такта, 6 передач, цепь, черный",230 000 ₽,2012,18 000 км
BMW R 1250 RS ,"1 250 см3 (135 л.с.), оппозитное, 2 цилиндра, 4 такта, 6 передач, кардан, желтый",1 467 000 ₽,2019,Новый
ИЖ Планета ,"350 см3, 1 цилиндр, 2 такта, 4 передачи, цепь, красный",30 000 ₽,1998,7 800 км
Suzuki Bandit GSF 1200 ,"1 200 см3, рядное, 4 цилиндра, 4 такта, 5 передач, цепь, синий",250 000 ₽,2006,22 000 км
Bajaj Pulsar NS 200 ,"200 см3 (23 л.с.), v-образное, 1 цилиндр, 4 такта, 6 передач, цепь, черный",120 000 ₽,2015,7 500 км
Урал M-67 ,"666 см3 (36 л.с.), оппозитное, 2 цилиндра, 4 такта, 4 передачи, кардан, зеленый",70 000 ₽,1984,23 500 км
Honda CB 400 Super Four ,"400 см3 (59 л.с.), рядное, 4 цилиндра, 4 такта, 6 передач, цепь, черный",80 000 ₽,1992,30 000 км
Honda Transalp 600 ,"600 см3, синий",148 349 ₽,1992,71 000 км
KTM RC 390 ,"390 см3 (44 л.с.), рядное, 1 цилиндр, 4 такта, 6 передач, цепь, черный",335 000 ₽,2018,1 700 км
Kawasaki ZXR 750 ,"750 см3 (125 л.с.), рядное, 4 цилиндра, 4 такта, 5 передач, цепь, зеленый",138 000 ₽,1995,37 000 км
Kawasaki Ninja 250R ,"250 см3 (32 л.с.), рядное, 2 цилиндра, цепь, белый",110 000 ₽,2011,11 000 км
BSE MX 125 ,"125 см3 (11 л.с.), 1 цилиндр, 4 передачи, цепь, синий",60 000 ₽,2019,10 км
Suzuki GSX-R 600 ,"600 см3 (125 л.с.), рядное, 4 цилиндра, 4 такта, 6 передач, цепь, синий",300 000 ₽,2006,43 000 км
Yamaha TT-R250 ,"249 см3, белый",200 000 ₽,1994,14 000 км
BMW R Nine T ,"1 200 см3 (110 л.с.), оппозитное, 2 цилиндра, 4 такта, 6 передач, кардан, серый",950 000 ₽,2016,6 000 км
Yamaha XT 250 Serow ,"249 см3, cеребристый",220 000 ₽,2005,6 000 км
Kawasaki KLX 250 ,"249 см3, черный",250 000 ₽,2007,20 000 км
Suzuki Boulevard M109R ,"1 800 см3 (125 л.с.), v-образное, 2 цилиндра, 4 такта, 5 передач, кардан, черный",599 000 ₽,2008,32 000 км
Honda VFR 800 ,"800 см3 (108 л.с.), рядное, 2 цилиндра, 6 передач, цепь, белый",515 000 ₽,2014,14 500 км
Harley-Davidson Sportster 1200 ,"1 200 см3 (66 л.с.), красный",600 000 ₽,2012,7 280 км
Honda CRM 250 ,"249 см3 (40 л.с.), рядное, 1 цилиндр, 2 такта, 6 передач, цепь, красный",150 000 ₽,1995,20 700 км
Kawasaki KL 250 ,"249 см3, зеленый",200 000 ₽,2001,19 000 км
Honda CB 900F (Hornet) ,"2 000 см3 (120 л.с.), 4 цилиндра, 6 передач, цепь, черный",220 000 ₽,2005,41 000 км
Honda CBR 600RR ,"599 см3 (120 л.с.), v-образное, 4 цилиндра, 4 такта, 6 передач, цепь, оранжевый",600 000 ₽,2014,20 000 км
Honda VT 750 ,"750 см3, v-образное, 5 передач, кардан, черный",319 000 ₽,2009,24 800 км
BMW S 1000 RR ,"999 см3 (200 л.с.), рядное, 4 цилиндра, 6 передач, цепь, красный",1 245 000 ₽,2017,2 650 км
Suzuki Boulevard M109R ,"1 784 см3 (130 л.с.), v-образное, 2 цилиндра, 4 такта, 5 передач, кардан, белый",380 000 ₽,2007,16 617 км
Honda CBR 1000 RR/RA Fireblade ,"1 000 см3 (171 л.с.), рядное, 4 цилиндра, 6 передач, цепь, оранжевый",349 000 ₽,2007,37 200 км
KTM 990 Adventure ,"999 см3 (98 л.с.), v-образное, 2 цилиндра, 6 передач, цепь, серый",500 000 ₽,2008,126 000 км
BMW S 1000 RR ,"999 см3 (198 л.с.), 4 цилиндра, 6 передач, цепь, черный",900 000 ₽,2015,8 000 км
Honda VFR 800 ,"800 см3, 4 цилиндра, 4 такта, 6 передач, цепь, белый",520 000 ₽,2011,19 500 км
Yamaha YBR 125 ,"125 см3 (10 л.с.), 1 цилиндр, 4 такта, 5 передач, цепь, пурпурный",120 000 ₽,2013,3 888 км
Honda VFR 1200 ,"1 200 см3 (111 л.с.), v-образное, 4 цилиндра, 4 такта, акпп, кардан, пурпурный",545 000 ₽,2010,27 500 км
KTM 990 SM ,"990 см3 (115 л.с.), 6 передач, цепь, черный",400 000 ₽,2009,47 000 км
Honda VFR 800 ,"800 см3, желтый",270 000 ₽,1999,47 000 км
Yamaha WR 250 F ,"250 см3 (41 л.с.), 1 цилиндр, синий",205 000 ₽,2000,15 377 км
Kawasaki ZX-6 Ninja ,"600 см3, 4 цилиндра, черный",450 000 ₽,2009,9 395 км
Honda CBR 929RR Fireblade ,"929 см3, синий",220 000 ₽,2001,50 000 км
Honda CBR 250R ,"250 см3 (25 л.с.), 6 передач, цепь, оранжевый",180 000 ₽,2013,13 300 км
Honda CB 400 Super Four ,"400 см3, 4 цилиндра, 6 передач, цепь, синий",155 000 ₽,2001,35 000 км
Yamaha FZ1 ,"1 000 см3 (100 л.с.), рядное, 4 цилиндра, 4 такта, 6 передач, цепь, красный",290 000 ₽,2006,40 800 км
Suzuki V-Strom DL 650 ,"650 см3 (69 л.с.), v-образное, 2 цилиндра, 4 такта, 6 передач, цепь, серый",417 000 ₽,2013,5 242 км
Honda VFR 1200 ,"1 200 см3 (111 л.с.), рядное, 4 цилиндра, 4 такта, 6 передач, кардан, белый",529 000 ₽,2010,20 384 км
Yamaha YZF-R1 ,"998 см3 (182 л.с.), рядное, 4 цилиндра, 4 такта, 6 передач, цепь, белый",600 000 ₽,2010,14 000 км
Honda X4 ,"1 284 см3 (100 л.с.), рядное, 4 цилиндра, цепь, красный",225 000 ₽,2003,79 950 км
Harley-Davidson Electra Glide ,"1 745 см3 (90 л.с.), v-образное, 2 цилиндра, 6 передач, ремень, черный",1 300 000 ₽,2017,10 000 км
BMW F 800 R ,"800 см3 (90 л.с.), рядное, 2 цилиндра, 4 такта, 6 передач, цепь, синий",420 000 ₽,2015,18 875 км
Yamaha FZ1 ,"1 000 см3 (150 л.с.), рядное, 4 цилиндра, 6 передач, цепь, черный",350 000 ₽,2007,55 000 км
BMW G 310 GS ,"310 см3, 1 цилиндр, 4 такта, 6 передач, цепь, черный",339 999 ₽,2018,1 500 км
Yamaha XJ6 (FZ6-R) ,"600 см3 (78 л.с.), цепь, черный",330 000 ₽,2012,35 700 км
Honda VTX 1800 ,"1 800 см3 (107 л.с.), v-образное, 2 цилиндра, 4 такта, 5 передач, кардан, черный",460 000 ₽,2002,30 000 км
Suzuki SV 400 ,"400 см3 (53 л.с.), v-образное, 2 цилиндра, 4 такта, серый",100 000 ₽,1999,41 000 км
Honda NC 700 ,"700 см3 (48 л.с.), рядное, 2 цилиндра, 4 такта, 6 передач, цепь, черный",320 000 ₽,2012,13 500 км
Yamaha XVS 400 ,"400 см3, черный",207 000 ₽,2008,20 025 км
Honda VT 750 ,"750 см3, коричневый",235 000 ₽,1998,23 419 км
Honda CB 1300 ,"1 300 см3, серый",319 000 ₽,2007,70 070 км
Honda NC 750 ,"750 см3, акпп, cеребристый",425 000 ₽,2014,24 881 км
Honda NC 700 ,"750 см3, акпп, серый",415 000 ₽,2014,14 863 км
Kawasaki VN900 Vulcan ,"900 см3, ремень, черный",319 000 ₽,2008,30 685 км
Honda NC 750 ,"750 см3, серый",404 000 ₽,2014,31 002 км
Suzuki Bandit GSF 1250 ,"1 250 см3, синий",369 000 ₽,2007,39 018 км
Honda CB 1300 ,"1 300 см3, рядное, 4 цилиндра, красный",330 000 ₽,2006,69 737 км
Suzuki Boulevard M109R ,"1 800 см3 (126 л.с.), v-образное, 2 цилиндра, 4 такта, 5 передач, кардан, синий",420 000 ₽,2008,19 500 км
Honda CB 400 Super Four ,"399 см3 (53 л.с.), рядное, 4 цилиндра, 4 такта, 6 передач, цепь, черный",140 000 ₽,1993,47 000 км
IRBIS TTR 250 ,"223 см3 (16 л.с.), 4 такта, 5 передач, цепь, красный",70 000 ₽,2014,355 км
BMW F 800 GS ,"800 см3 (86 л.с.), рядное, 2 цилиндра, 4 такта, 6 передач, цепь, зеленый",450 000 ₽,2013,37 000 км
Yamaha XVS 400 ,"400 см3 (34 л.с.), v-образное, 2 цилиндра, 5 передач, кардан, черный",225 000 ₽,2002,22 000 км
IRBIS TTR 250 ,"223 см3 (16 л.с.), 4 такта, 5 передач, цепь, красный",70 000 ₽,2014,355 км
BMW F 800 GS ,"800 см3 (86 л.с.), рядное, 2 цилиндра, 4 такта, 6 передач, цепь, зеленый",450 000 ₽,2013,37 000 км
Yamaha XVS 400 ,"400 см3 (34 л.с.), v-образное, 2 цилиндра, 5 передач, кардан, черный",225 000 ₽,2002,22 000 км
Honda CBR 954RR Fireblade ,"954 см3 (130 л.с.), рядное, 4 цилиндра, 4 такта, 6 передач, цепь, красный",250 000 ₽,2002,29 000 км
Racer Panther ,"250 см3 (14 л.с.), 1 цилиндр, 4 такта, 5 передач, цепь, оранжевый",60 000 ₽,2015,2 500 км
Suzuki GSX-R 600 ,"600 см3 (125 л.с.), рядное, 4 цилиндра, 4 такта, 6 передач, цепь, синий",300 000 ₽,2006,31 121 км
Honda CB 1100 ,"1 100 см3 (90 л.с.), рядное, 4 цилиндра, 4 такта, 5 передач, цепь, белый",350 000 ₽,2012,28 350 км
Vyrus 984 ,"1 078 см3 (100 л.с.), v-образное, 2 цилиндра, 4 такта, 6 передач, цепь, черный",4 890 000 ₽,2019,Новый
Vyrus 985 ,"999 см3 (160 л.с.), v-образное, 2 цилиндра, 4 такта, 6 передач, цепь, черный",8 888 888 ₽,2018,Новый
Honda Steed 400 ,"400 см3 (31 л.с.), v-образное, 2 цилиндра, 4 такта, 5 передач, цепь, черный",105 000 ₽,1993,12 000 км
Suzuki RV 200 VanVan ,"200 см3 (16 л.с.), 1 цилиндр, 4 такта, 4 передачи, цепь, белый",125 000 ₽,1999,53 200 км
Honda Steed 400 ,"400 см3, v-образное, 2 цилиндра, 4 такта, черный",350 000 ₽,1995,1 км
BMW F 800 S ,"800 см3 (85 л.с.), 2 цилиндра, 4 такта, 6 передач, ремень, белый",290 000 ₽,2007,48 000 км
Honda CBR 929RR Fireblade ,"929 см3, рядное, 4 цилиндра, 4 такта, 6 передач, цепь, черный",250 000 ₽,2000,73 000 км
Suzuki V-Strom DL 1000 ,"1 000 см3 (98 л.с.), v-образное, 2 цилиндра, 4 такта, 6 передач, цепь, cеребристый",298 000 ₽,2004,48 000 км
Harley-Davidson Street Glide ,"1 584 см3 (78 л.с.), v-образное, 2 цилиндра, 4 такта, 6 передач, ремень, оранжевый",1 050 000 ₽,2011,28 500 км
Kawasaki ER-6f (Ninja 650R) ,"650 см3 (72 л.с.), цепь, зеленый",350 000 ₽,2014,15 000 км
Honda VFR 800 ,"800 см3 (110 л.с.), 4 цилиндра, cеребристый",280 000 ₽,2003,40 000 км
Днепр MT-11 ,"650 см3 (32 л.с.), оппозитное, 2 цилиндра, 4 такта, 4 прямых и задняя, кардан, зеленый",20 000 ₽,1988,36 000 км
Harley-Davidson Electra Glide ,"1 690 см3 (80 л.с.), v-образное, 2 цилиндра, 4 такта, 5 передач, ремень, желтый",550 000 ₽,2005,20 000 км
BMW F 800 GS ,"800 см3, рядное, 2 цилиндра, 4 такта, 6 передач, цепь, серый",420 000 ₽,2009,56 800 км
Futong FT100-10 ,"50 см3, 4 такта, 4 передачи, черный",20 000 ₽,2009,2 000 км
Suzuki GSX 1300 R Hayabusa ,"1 300 см3 (180 л.с.), рядное, 4 цилиндра, 4 такта, 6 передач, цепь, черный",350 000 ₽,2002,46 376 км
Yamaha VMAX 1200 ,"1 200 см3 (145 л.с.), 4 цилиндра, черный",160 000 ₽,1992,12 000 км
BMW R Nine T ,"1 200 см3 (110 л.с.), оппозитное, 2 цилиндра, 4 такта, 6 передач, кардан, белый",780 000 ₽,2017,180 км
Honda GL 1800 ,"1 800 см3 (118 л.с.), оппозитное, 6 цилиндров, 4 такта, 5 прямых и задняя, кардан, серый",720 000 ₽,2008,67 000 км
BMW R 1100 RT ,"1 100 см3 (80 л.с.), 2 цилиндра, 5 передач, кардан, cеребристый",210 000 ₽,1997,91 972 км
Honda NC 700 ,"700 см3 (50 л.с.), 2 цилиндра, цепь, черный",325 000 ₽,2013,49 332 км
Yamaha FJR 1300 ,"1 300 см3 (146 л.с.), 4 цилиндра, акпп, кардан, коричневый",770 000 ₽,2014,19 009 км
Harley-Davidson Electra Glide ,"1 450 см3 (64 л.с.), 6 передач, ремень, серый",495 000 ₽,2004,54 821 км
Yamaha XVS 400 ,"400 см3 (33 л.с.), 2 цилиндра, 4 такта, 5 передач, кардан, зеленый",175 000 ₽,1999,28 156 км
Suzuki Bandit GSF 1200 ,"1 200 см3 (100 л.с.), 4 цилиндра, 5 передач, цепь, черный",265 000 ₽,2007,39 103 км
Honda VT 750 ,"750 см3 (45 л.с.), 5 передач, цепь, зеленый",255 000 ₽,2005,64 905 км
Yamaha XVS 400 ,"400 см3 (33 л.с.), 2 цилиндра, 4 такта, 5 передач, кардан, черный",155 000 ₽,1998,28 826 км
Kawasaki Z 1000SX ,"1 000 см3 (138 л.с.), 4 цилиндра, 6 передач, цепь, черный",450 000 ₽,2012,40 665 км
Yamaha XVS 950 ,"950 см3 (54 л.с.), 2 цилиндра, 5 передач, ремень, черный",355 000 ₽,2009,50 946 км
Kawasaki Z 1000SX ,"1 000 см3 (138 л.с.), 4 цилиндра, 6 передач, цепь, зеленый",475 000 ₽,2014,35 279 км
Suzuki Bandit GSF 1200 ,"1 200 см3 (100 л.с.), рядное, 4 цилиндра, 4 такта, 5 передач, цепь, cеребристый",235 000 ₽,2005,38 000 км
Yamaha YZF 600R ,"600 см3 (100 л.с.), 4 цилиндра, 4 такта, 6 передач, цепь, синий",185 000 ₽,2001,65 000 км
Другие Мотоциклы (другие) ,"750 см3 (24 л.с.), оппозитное, 2 цилиндра, 4 такта, 4 передачи, кардан, синий",50 000 ₽,1959,50 000 км
Honda NC 750 ,"750 см3 (55 л.с.), рядное, 2 цилиндра, 4 такта, роботизированная с двумя сцеплениями, цепь, белый",450 000 ₽,2014,10 000 км
Kawasaki Ninja 650 ,"650 см3 (68 л.с.), 2 цилиндра, 6 передач, цепь, оранжевый",520 000 ₽,2017,7 300 км
KTM 1190 Adventure ,"1 190 см3, оранжевый",776 000 ₽,2014,17 850 км
Honda CRF 1000L Africa Twin ,"1 000 см3, белый",886 000 ₽,2017,7 023 км
Harley-Davidson Softail Deluxe ,"1 700 см3, белый",1 000 000 ₽,2012,5 000 км
Harley-Davidson V-Rod ,"1 250 см3 (123 л.с.), v-образное, 2 цилиндра, 4 такта, 5 передач, ремень, оранжевый",510 000 ₽,2007,25 762 км
Honda NC 700 ,"700 см3 (52 л.с.), рядное, 2 цилиндра, 4 такта, 6 передач, цепь, белый",320 000 ₽,2012,20 000 км
Урал ИМЗ-8.103 ,"650 см3 (32 л.с.), оппозитное, 2 цилиндра, 4 такта, 5 передач, кардан, синий",90 000 ₽,1991,1 км
Suzuki Bandit GSF 1200 ,"1 157 см3 (97 л.с.), рядное, 4 цилиндра, 4 такта, 5 передач, цепь, красный",139 000 ₽,1995,75 000 км
JMC 140 MX ,"140 см3 (13 л.с.), 1 цилиндр, 4 передачи, цепь, черный",60 000 ₽,2014,600 км
Suzuki RF 400 ,"400 см3, 4 цилиндра, 5 передач, цепь, красный",150 000 ₽,1993,89 000 км
BMW R 1200 GS ,"1 200 см3, кардан, синий",1 050 000 ₽,2016,36 000 км
Kawasaki Versys 650 ,"650 см3 (64 л.с.), 6 передач, цепь, красный",320 000 ₽,2011,35 000 км
Honda CBR 600F ,"600 см3 (110 л.с.), рядное, 4 цилиндра, 4 такта, 6 передач, цепь, красный",230 000 ₽,2006,49 000 км
Kawasaki Ninja 300 ,"296 см3 (39 л.с.), рядное, 2 цилиндра, 4 такта, 6 передач, цепь, зеленый",200 000 ₽,2013,14 000 км
Honda VFR 750 ,"750 см3, зеленый",148 349 ₽,1997,90 000 км
Kawasaki KX 450 ,"450 см3 (60 л.с.), 1 цилиндр, 4 такта, 5 передач, цепь, зеленый",290 000 ₽,2015,66 км
Honda NT650V Deauville ,"650 см3, v-образное, кардан, красный",167 287 ₽,2000,62 000 км
KTM 450 SMR ,"450 см3, 1 цилиндр, оранжевый",315 000 ₽,2010,120 км
Suzuki GSX-R 600 ,"600 см3 (118 л.с.), рядное, 4 цилиндра, 4 такта, 6 передач, цепь, белый",250 000 ₽,2002,46 369 км
Урал ИМЗ-8.103 ,"750 см3 (33 л.с.), 2 цилиндра, 4 такта, 4 передачи, кардан, синий",54 000 ₽,1991,14 800 км
Suzuki Boulevard M50 ,"800 см3 (58 л.с.), v-образное, 2 цилиндра, 4 такта, 5 передач, кардан, черный",320 000 ₽,2008,22 000 км
Suzuki Boulevard M109R ,"1 900 см3 (150 л.с.), v-образное, 2 цилиндра, 4 такта, 5 прямых и задняя, кардан, белый",950 000 ₽,2009,38 000 км
Stels Flame 200 ,"200 см3 (13 л.с.), 1 цилиндр, 4 такта, 5 передач, красный",70 000 ₽,2014,3 000 км
Honda CRF 250M ,"250 см3 (23 л.с.), 1 цилиндр, 4 такта, 6 передач, цепь, красный",270 000 ₽,2014,6 000 км
Honda X4 ,"1 300 см3 (100 л.с.), рядное, 4 цилиндра, 4 такта, 5 передач, цепь, черный",200 000 ₽,1999,32 500 км
BRZ X3 ,"125 см3 (9 л.с.), рядное, 1 цилиндр, 4 передачи, цепь, оранжевый",50 000 ₽,2018,30 км
ИЖ Юпитер ,"350 см3 (26 л.с.), 2 цилиндра, 2 такта, красный",40 000 ₽,1986,14 000 км
Honda CB 750 ,"750 см3 (77 л.с.), 4 цилиндра, 4 такта, 5 передач, цепь, синий",150 000 ₽,1991,21 132 км
Honda VT 400 ,"400 см3, v-образное, 2 цилиндра, 4 такта, 5 передач, цепь, зеленый",210 000 ₽,2006,24 739 км
Suzuki RM-Z 450 ,"450 см3 (60 л.с.), 1 цилиндр, 4 такта, 5 передач, цепь, желтый",235 000 ₽,2012,135 км
Honda CBR 600RR ,"600 см3 (120 л.с.), 6 передач, цепь, cеребристый",310 000 ₽,2008,40 000 км
Harley-Davidson Electra Glide ,"1 584 см3 (77 л.с.), v-образное, 2 цилиндра, 4 такта, 6 передач, ремень, зеленый",800 000 ₽,2009,50 000 км
Suzuki Boulevard M109R ,"1 786 см3 (125 л.с.), v-образное, 2 цилиндра, кардан, зеленый",650 000 ₽,2011,10 000 км
Regal Raptor DD50E ,"50 см3, 1 цилиндр, 4 такта, 4 передачи, цепь, cеребристый",27 000 ₽,2009,6 000 км
Yamaha WR 450 F ,"449 см3 (53 л.с.), рядное, 1 цилиндр, 4 такта, 5 передач, цепь, синий",270 000 ₽,2012,10 000 км
Kawasaki VN900 Vulcan ,"900 см3 (50 л.с.), v-образное, 2 цилиндра, 4 такта, 5 передач, ремень, черный",320 000 ₽,2007,40 011 км
BMW F 800 R ,"800 см3 (87 л.с.), 2 цилиндра, цепь, белый",300 000 ₽,2011,16 000 км
Harley-Davidson Sportster 1200 ,"1 200 см3, v-образное, 2 цилиндра, 4 такта, 5 передач, ремень, черный",630 000 ₽,2014,1 500 км
Kawasaki Ninja 250R ,"250 см3 (33 л.с.), рядное, 2 цилиндра, 4 такта, 6 передач, цепь, красный",150 000 ₽,2009,35 000 км
Yamaha XV 1900 ,"1 854 см3 (98 л.с.), v-образное, 2 цилиндра, 5 передач, ремень, черный",650 000 ₽,2011,11 300 км
Harley-Davidson Sportster 1200 ,"1 200 см3 (67 л.с.), 5 передач, ремень, черный",630 000 ₽,2012,11 900 км
Honda CBR 600F ,"600 см3 (110 л.с.), 4 цилиндра, 6 передач, цепь, черный",270 000 ₽,2002,42 000 км
Honda CB 400 Super Four ,"399 см3 (53 л.с.), рядное, 4 цилиндра, 6 передач, цепь, красный",145 000 ₽,1994,42 000 км
BMW R 1100 GS ,"1 085 см3 (80 л.с.), оппозитное, 2 цилиндра, 4 такта, 5 передач, кардан, красный",330 000 ₽,1998,22 700 км
Ducati Monster 696 ,"696 см3, черный",400 000 ₽,2012,9 500 км
Triumph Speedmaster ,"860 см3 (56 л.с.), рядное, 2 цилиндра, 4 такта, 5 передач, цепь, красный",350 000 ₽,2007,18 500 км
Honda VFR 800 ,"800 см3, v-образное, 4 цилиндра, cеребристый",275 000 ₽,2002,32 000 км
Yamaha YZF-R6 ,"600 см3, рядное, 4 цилиндра, красный",280 000 ₽,2005,33 000 км
KTM 690 SMC ,"654 см3 (64 л.с.), рядное, 1 цилиндр, 4 такта, 6 передач, цепь, оранжевый",310 000 ₽,2008,45 300 км
Suzuki Bandit GSF 750 ,"750 см3 (77 л.с.), рядное, 4 цилиндра, 4 такта, 6 передач, цепь, черный",110 000 ₽,1997,70 000 км
Suzuki GSX-R 1000 ,"1 000 см3 (185 л.с.), рядное, 4 цилиндра, 4 такта, 6 передач, цепь, красный",400 000 ₽,2007,15 000 км
KTM 390 Duke ,"390 см3, 1 цилиндр, 6 передач, цепь, оранжевый",325 000 ₽,2018,4 800 км
Harley-Davidson Sportster 883 ,"883 см3, 5 передач, ремень, оранжевый",470 000 ₽,2006,30 000 км
Kawasaki Versys 650 ,"650 см3 (64 л.с.), рядное, 2 цилиндра, 4 такта, 6 передач, цепь, cеребристый",230 000 ₽,2007,66 000 км
Harley-Davidson Sportster 1200 ,"1 200 см3, черный",495 000 ₽,2011,2 884 км
BMW R 1200 GS ,"1 200 см3, красный",648 000 ₽,2009,18 365 км
Yamaha FJR 1300 ,"1 298 см3 (146 л.с.), рядное, 4 цилиндра, 4 такта, 5 передач, кардан, белый",290 000 ₽,2004,52 000 км
Harley-Davidson V-Rod ,"1 130 см3 (120 л.с.), v-образное, 2 цилиндра, 4 такта, 5 передач, ремень, черный",500 000 ₽,2005,13 000 км
Suzuki GSX 400 Inazuma ,"400 см3 (52 л.с.), рядное, 4 цилиндра, 4 такта, 6 передач, цепь, серый",150 000 ₽,2005,28 133 км
Alfer VR 250 ,"72 см3 (6 л.с.), v-образное, 1 цилиндр, 4 такта, 4 передачи, цепь, синий",39 000 ₽,2018,140 км
BMW K 1200 GT ,"1 200 см3 (130 л.с.), рядное, 4 цилиндра, 4 такта, 6 передач, кардан, синий",269 000 ₽,2003,89 736 км
Honda CBR 1000 RR/RA Fireblade ,"1 000 см3 (178 л.с.), 4 цилиндра, 6 передач, цепь, белый",700 000 ₽,2012,4 000 км
MV Agusta Brutale 920 ,"920 см3, пурпурный",590 000 ₽,2011,2 000 км
Ducati Multistrada 1200 ,"1 200 см3, красный",690 000 ₽,2013,34 117 км
BMW S 1000 XR ,"1 000 см3, черный",1 050 000 ₽,2017,14 694 км
Honda CBF 600 ,"600 см3 (33 л.с.), рядное, 4 цилиндра, 4 такта, цепь, красный",320 000 ₽,2008,27 000 км
IRBIS GR 250 ,"223 см3 (15 л.с.), 1 цилиндр, 4 такта, 5 передач, цепь, черный",40 000 ₽,2014,3 700 км
BMW R 1200 GS ,"1 200 см3, 2 цилиндра, 4 такта, кардан, белый",1 150 000 ₽,2015,6 800 км
Honda CB 1300 ,"1 300 см3, рядное, 4 цилиндра, 4 такта, 6 передач, цепь, серый",367 000 ₽,2006,29 665 км
Yamaha FZ 400 ,"400 см3 (53 л.с.), 4 цилиндра, цепь, cеребристый",115 000 ₽,1997,30 354 км
BMW R 1200 GS ,"1 200 см3, 2 цилиндра, 4 такта, кардан, белый",1 150 000 ₽,2015,6 800 км
Honda CB 1300 ,"1 300 см3, рядное, 4 цилиндра, 4 такта, 6 передач, цепь, серый",367 000 ₽,2006,29 665 км
Yamaha FZ 400 ,"400 см3 (53 л.с.), 4 цилиндра, цепь, cеребристый",115 000 ₽,1997,30 354 км
Buell Blast ,"500 см3 (34 л.с.), рядное, 1 цилиндр, 4 такта, 4 передачи, ремень, желтый",110 000 ₽,2001,18 995 км
Aprilia SX 50 ,"50 см3, 1 цилиндр, 2 такта, 6 передач, цепь, черный",105 000 ₽,2013,4 500 км
Honda CB 1100 ,"1 100 см3 (990 л.с.), рядное, 4 цилиндра, 4 такта, 6 передач, цепь, черный",760 000 ₽,2017,3 206 км
BMW R 1200 RT ,"1 170 см3 (125 л.с.), оппозитное, 2 цилиндра, 4 такта, 6 передач, кардан, белый",1 320 000 ₽,2017,12 050 км
Honda CBR 600F ,"600 см3 (110 л.с.), рядное, 4 цилиндра, 6 передач, цепь, черный",260 000 ₽,2003,45 000 км
Honda VFR 800 ,"800 см3, серый",333 000 ₽,2005,23 314 км
Yamaha FZ1 ,"1 000 см3, серый",355 500 ₽,2008,16 673 км
Kawasaki ZX-12 Ninja ,"1 200 см3, cеребристый",324 000 ₽,2003,21 600 км
Honda X4 ,"1 300 см3, черный",256 500 ₽,1997,22 050 км
BMW R 1200 CL ,"1 200 см3, коричневый",378 000 ₽,2003,20 176 км
BMW S 1000 R ,"999 см3 (107 л.с.), рядное, 4 цилиндра, 4 такта, 6 передач, цепь, черный",1 297 000 ₽,2019,Новый
BMW R 1200 GS ,"1 170 см3 (125 л.с.), оппозитное, 2 цилиндра, 4 такта, 6 передач, кардан, черный",1 715 000 ₽,2018,Новый
BMW G 310 R ,"313 см3 (34 л.с.), рядное, 1 цилиндр, 4 такта, 6 передач, цепь, красный",325 000 ₽,2018,Новый
Yamaha YZF-R6 ,"600 см3 (118 л.с.), рядное, 4 цилиндра, 4 такта, 6 передач, цепь, синий",265 000 ₽,2007,30 000 км
Yamaha FZ6 ,"600 см3, черный",256 500 ₽,2004,21 000 км
Stels Flame 200 ,"13 см3, серый",50 000 ₽,2014,440 км
Yamaha FZ6 ,"600 см3 (98 л.с.), рядное, 4 цилиндра, 4 такта, 6 передач, цепь, черный",185 000 ₽,2004,37 900 км
Harley-Davidson Sportster 1200 ,"1 200 см3 (70 л.с.), v-образное, 2 цилиндра, 4 такта, 5 передач, ремень, оранжевый",380 000 ₽,2013,22 000 км
Kawasaki ZR-7 ,"750 см3, синий",120 000 ₽,2001,58 000 км
Honda XL1000V Varadero ,"1 000 см3 (94 л.с.), v-образное, 2 цилиндра, 4 такта, 6 передач, цепь, cеребристый",309 000 ₽,2003,68 430 км
BMW G 310 GS ,"313 см3 (34 л.с.), 1 цилиндр, 6 передач, цепь, серый",328 000 ₽,2018,980 км
Honda MSX125 Grom ,"125 см3, 1 цилиндр, 4 такта, 5 передач, белый",250 000 ₽,2013,8 000 км
Yamaha YZF-R6 ,"600 см3, рядное, 4 цилиндра, белый",125 000 ₽,2001,44 000 км
Nexus G200 ,"150 см3 (9 л.с.), рядное, 1 цилиндр, 4 такта, акпп, ремень, синий",15 000 ₽,2012,8 000 км
Patron Sport ,"250 см3 (15 л.с.), 1 цилиндр, 4 такта, 5 передач, цепь, черный",80 000 ₽,2011,3 000 км
Honda Transalp 650 ,"650 см3 (53 л.с.), v-образное, 2 цилиндра, 4 такта, 5 передач, цепь, cеребристый",250 000 ₽,2005,37 900 км
KAYO Mini KMB YX125EM ,"125 см3 (11 л.с.), 1 цилиндр, 4 передачи, цепь, зеленый",50 000 ₽,2019,3 км
Honda Steed 400 ,"400 см3 (33 л.с.), v-образное, 2 цилиндра, 4 такта, 5 передач, цепь, черный",180 000 ₽,1999,35 200 км
Suzuki GSX-R 600 ,"600 см3 (130 л.с.), рядное, 4 цилиндра, 4 такта, 6 передач, цепь, синий",300 000 ₽,2007,16 000 км
Honda NC 700 ,"700 см3 (50 л.с.), 2 цилиндра, акпп, цепь, белый",375 000 ₽,2013,40 000 км
Yamaha FZ8 ,"800 см3 (109 л.с.), 6 передач, цепь, белый",450 000 ₽,2013,29 000 км
Ducati ST ,"996 см3 (105 л.с.), v-образное, 2 цилиндра, 6 передач, цепь, серый",190 000 ₽,2001,14 800 км
Honda VFR 800 ,"782 см3 (109 л.с.), v-образное, 4 цилиндра, 4 такта, 6 передач, цепь, пурпурный",460 000 ₽,2009,15 000 км
Kawasaki ZZR 400 ,"400 см3 (53 л.с.), 4 цилиндра, 4 такта, 6 передач, цепь, красный",85 000 ₽,1997,40 680 км
KAYO Classic ,"140 см3 (16 л.с.), 1 цилиндр, 4 передачи, цепь, белый",45 000 ₽,2013,500 км
KTM 690 SMC ,"690 см3 (75 л.с.), 4 такта, 6 передач, цепь, черный",570 000 ₽,2014,6 000 км
BMW R 1200 R ,"1 200 см3 (110 л.с.), оппозитное, 2 цилиндра, 4 такта, 6 передач, кардан, черный",430 000 ₽,2008,6 552 км
Yamaha PW50/PW80 ,"80 см3, 1 цилиндр, 2 такта, цепь, синий",80 000 ₽,2007,500 км
Yamaha FZS 600 ,"600 см3 (98 л.с.), рядное, 4 цилиндра, 4 такта, 6 передач, цепь, черный",130 000 ₽,1998,15 340 км
Moto Guzzi Breva 750 ,"750 см3 (46 л.с.), v-образное, 2 цилиндра, 4 такта, 5 передач, кардан, красный",175 000 ₽,2003,28 000 км
Yamaha XVS 1100 ,"1 100 см3 (63 л.с.), v-образное, 2 цилиндра, 4 такта, 5 передач, кардан, синий",250 000 ₽,2000,39 000 км
Stels Flex 250 ,"250 см3 (15 л.с.), 1 цилиндр, 4 такта, 5 передач, цепь, белый",62 000 ₽,2019,1 085 км
Yamaha MT-03 ,"660 см3 (45 л.с.), рядное, 1 цилиндр, 4 такта, 6 передач, цепь, черный",180 000 ₽,2006,20 000 км
Yamaha FZX 750 ,"750 см3 (80 л.с.), рядное, 4 цилиндра, 4 такта, 5 передач, цепь, желтый",120 000 ₽,1998,43 000 км
KTM 300 EXC ,"300 см3 (60 л.с.), 2 такта, 5 передач, цепь, оранжевый",240 000 ₽,2007,217 км
BMW F 800 GT ,"800 см3 (90 л.с.), рядное, 2 цилиндра, белый",595 000 ₽,2015,13 900 км
Kawasaki Ninja 300 ,"300 см3, черный",280 000 ₽,2014,32 000 км
Honda VT 750 ,"749 см3 (60 л.с.), 5 передач, цепь, синий",260 000 ₽,2003,87 700 км
Suzuki GSX-R 600 ,"600 см3 (125 л.с.), 4 цилиндра, 6 передач, цепь, синий",340 000 ₽,2006,30 000 км
IRBIS TTR 250 ,"250 см3 (17 л.с.), 1 цилиндр, 4 такта, цепь, серый",45 000 ₽,2012,1 200 км
Honda Transalp 650 ,"650 см3 (56 л.с.), v-образное, 2 цилиндра, 4 такта, 5 передач, цепь, красный",255 000 ₽,2000,27 500 км
Kawasaki VN1700 Vulcan ,"1 700 см3 (81 л.с.), v-образное, 2 цилиндра, 4 такта, 6 передач, ремень, синий",550 000 ₽,2011,19 000 км
Honda GL 1800 ,"1 800 см3, оппозитное, 6 цилиндров, 4 такта, 5 прямых и задняя, кардан, серый",650 000 ₽,2005,123 708 км
Husqvarna FE 501 ,"501 см3, 6 передач, белый",500 000 ₽,2016,50 км
Kawasaki ER-6n ,"650 см3 (72 л.с.), 2 цилиндра, 6 передач, синий",229 000 ₽,2008,9 400 км
YCF Factory SP ,"190 см3, красный",82 000 ₽,2016,35 км
Yamaha XVS 1100 ,"1 100 см3 (60 л.с.), 4 такта, 5 передач, кардан, черный",350 000 ₽,2005,26 175 км
Harley-Davidson Street Glide ,"1 600 см3 (100 л.с.), черный",1 350 000 ₽,2016,2 500 км
Harley-Davidson V-Rod ,"1 250 см3 (125 л.с.), 4 такта, 5 передач, ремень, пурпурный",635 000 ₽,2007,9 600 км
Honda CB 400 Super Four ,"399 см3, черный",160 000 ₽,1996,20 000 км
Honda CB 400 Super Four ,"399 см3, cеребристый",170 000 ₽,1999,28 000 км
Honda CB 400 Super Four ,"399 см3, красный",220 000 ₽,2005,20 000 км
Motoland ENDURO ,"250 см3 (50 л.с.), рядное, 1 цилиндр, 4 такта, 5 передач, цепь, зеленый",70 000 ₽,2019,100 км
Yamaha MT-07 (FZ-07) ,"700 см3 (76 л.с.), рядное, 2 цилиндра, 4 такта, 6 передач, цепь, синий",420 000 ₽,2016,12 000 км
Suzuki RV 200 VanVan ,"200 см3 (16 л.с.), 4 цилиндра, 4 такта, 5 передач, цепь, белый",110 000 ₽,2003,90 000 км
BMW R 1200 C ,"1 200 см3, оппозитное, черный",390 000 ₽,1998,54 527 км
Harley-Davidson Sportster 883 ,"883 см3, v-образное, 2 цилиндра, 4 такта, ремень, черный",790 000 ₽,2017,790 км
Harley-Davidson Fat Boy ,"1 801 см3, v-образное, 2 цилиндра, 4 такта, 6 передач, ремень, черный",1 490 000 ₽,2017,13 000 км
Harley-Davidson Sportster 1200 ,"1 200 см3, v-образное, 2 цилиндра, 4 такта, 5 передач, ремень, черный",850 000 ₽,2018,374 км
Harley-Davidson FXDR 114 ,"1 868 см3, v-образное, 2 цилиндра, 4 такта, 6 передач, ремень, черный",1 770 000 ₽,2019,150 км
Harley-Davidson CVO ,"1 923 см3, v-образное, 2 цилиндра, 4 такта, 6 передач, ремень, серый",3 150 000 ₽,2018,Новый
Harley-Davidson Street Glide ,"1 745 см3, v-образное, 2 цилиндра, 4 такта, 6 передач, ремень, синий",2 400 000 ₽,2018,100 км
Harley-Davidson Ultra Limited ,"1 690 см3, v-образное, 2 цилиндра, 4 такта, 6 передач, ремень, синий",1 850 000 ₽,2016,5 977 км
Harley-Davidson Street Bob ,"1 745 см3, v-образное, 2 цилиндра, 4 такта, 6 передач, ремень, черный",1 150 000 ₽,2019,150 км
BMW R 1200 GS ,"1 200 см3, рядное, 2 цилиндра, кардан, cеребристый",1 190 000 ₽,2016,14 952 км
Harley-Davidson Fat Boy ,"1 801 см3, v-образное, 2 цилиндра, 4 такта, 6 передач, ремень, зеленый",1 230 000 ₽,2016,21 726 км
Triumph Bonneville Bobber ,"1 200 см3, 4 такта, 6 передач, черный",940 000 ₽,2018,Новый
Harley-Davidson V-Rod ,"1 245 см3, v-образное, 2 цилиндра, 4 такта, 6 передач, ремень, черный",1 250 000 ₽,2014,6 000 км
Harley-Davidson Sportster 883 ,"883 см3, v-образное, 2 цилиндра, 4 такта, 5 передач, ремень, зеленый",750 000 ₽,2017,414 км
Honda Valkyrie 1800 ,"1 800 см3, черный",1 035 000 ₽,2012,11 000 км
Harley-Davidson Road King ,"1 584 см3, v-образное, 2 цилиндра, 4 такта, 6 передач, ремень, черный",720 000 ₽,2007,35 000 км
Honda NC 750 ,"750 см3, cеребристый",660 000 ₽,2019,Новый
ABM Raptor 50 ,"70 см3, 4 такта, ремень, cеребристый",20 000 ₽,2012,47 000 км
Suzuki GS 500 ,"500 см3 (48 л.с.), рядное, 2 цилиндра, 4 такта, 6 передач, цепь, синий",135 000 ₽,2007,18 000 км
Honda VFR 1200 ,"1 200 см3 (111 л.с.), v-образное, 4 цилиндра, 4 такта, 6 передач, кардан, красный",565 000 ₽,2010,7 389 км
BMW K 1200 GT ,"1 200 см3 (130 л.с.), рядное, 4 цилиндра, 4 такта, 6 передач, кардан, синий",279 000 ₽,2004,54 257 км
Honda VFR 1200 ,"1 200 см3 (111 л.с.), v-образное, 4 цилиндра, 4 такта, роботизированная с двумя сцеплениями, кардан, черный",550 000 ₽,2011,9 395 км
Ducati Desmosedici RR ,"983 см3 (215 л.с.), v-образное, 4 цилиндра, 4 такта, 6 передач, цепь, красный",2 000 000 ₽,2008,4 000 км
Harley-Davidson Electra Glide ,"1 584 см3 (76 л.с.), v-образное, 2 цилиндра, 4 такта, 6 передач, ремень, красный",705 000 ₽,2010,32 085 км
Yamaha FZ6 ,"600 см3 (78 л.с.), рядное, 4 цилиндра, 4 такта, 6 передач, цепь, красный",288 000 ₽,2015,4 255 км
Harley-Davidson Sportster 883 ,"883 см3 (55 л.с.), v-образное, 2 цилиндра, 4 такта, 5 передач, ремень, серый",378 000 ₽,2008,36 547 км
Harley-Davidson Heritage ,"1 450 см3 (64 л.с.), v-образное, 2 цилиндра, 4 такта, 5 передач, ремень, красный",480 000 ₽,2004,47 071 км
BMW R 1200 RT ,"1 200 см3 (110 л.с.), оппозитное, 2 цилиндра, 4 такта, 6 передач, кардан, cеребристый",444 000 ₽,2007,77 688 км
BMW R 1100 R ,"1 100 см3 (80 л.с.), оппозитное, 2 цилиндра, 4 такта, 5 передач, кардан, черный",227 000 ₽,2001,25 100 км
Honda Magna ,"750 см3 (77 л.с.), v-образное, 4 такта, 5 передач, цепь, черный",240 000 ₽,1994,56 000 км
Jawa 350/638 ,"350 см3 (26 л.с.), рядное, 2 цилиндра, 2 такта, 4 передачи, цепь, красный",35 000 ₽,1987,2 000 км
Suzuki SV 650 ,"650 см3, синий",216 000 ₽,1999,27 100 км
Honda NC 700 ,"700 см3, cеребристый",342 000 ₽,2013,6 000 км
Honda VFR 800 ,"800 см3, cеребристый",324 000 ₽,2004,27 000 км
Yamaha XVS 1100 ,"1 063 см3 (60 л.с.), v-образное, 2 цилиндра, 4 такта, 5 передач, кардан, красный",300 000 ₽,2004,30 141 км
Honda CB 600S ,"600 см3 (95 л.с.), рядное, 4 цилиндра, 4 такта, 6 передач, цепь, черный",155 000 ₽,2002,40 000 км
Yamaha XJ6 (FZ6-R) ,"600 см3 (77 л.с.), рядное, 4 цилиндра, 4 такта, 6 передач, цепь, черный",340 000 ₽,2011,11 189 км
Honda GL 1800 ,"1 800 см3, оппозитное, 6 цилиндров, 5 передач, кардан, черный",1 500 000 ₽,2016,50 км
KTM 200 Duke ,"200 см3, 1 цилиндр, красный",129 000 ₽,2014,17 456 км
Honda CB-1 ,"400 см3, 4 цилиндра, 6 передач, черный",105 000 ₽,1991,30 000 км
Suzuki Boulevard M109R ,"1 800 см3 (125 л.с.), 5 передач, кардан, черный",700 000 ₽,2012,18 000 км
Honda VT 750 ,"750 см3 (45 л.с.), v-образное, 2 цилиндра, 4 такта, 5 передач, кардан, пурпурный",312 500 ₽,2009,17 561 км
Harley-Davidson Dyna Wide Glide ,"1 450 см3, v-образное, 2 цилиндра, 4 такта, 5 передач, ремень, черный",445 000 ₽,2002,26 208 км
